<?xml version="1.0" encoding="UTF-8"?>
<!DOCTYPE mapper PUBLIC "-//mybatis.org//DTD Mapper 3.0//EN" "http://mybatis.org/dtd/mybatis-3-mapper.dtd">
<mapper namespace="org.ezen.ex02.mapper.CarMapper">

<!-- CDATA는 sql문 안에서 키워드 or 부호 등...을 사용가능 하도록 해주는 것이고, 
	id 속성은 CarMapper인터페이스의 추상메서드명이다. -->
<select id="getList" resultType="org.ezen.ex02.domain.CarVO">
	<![CDATA[select * from carrot_car where cno > 0 order by cno desc]]>
</select>

<!-- page 처리가 포함된 sql
	정렬 성능을 위해 힌트 사용 /*+INDEX_DESC(tbl_board pk_board)*/
	rownum사용 위해 인라인뷰를 사용,rownum은 1이 꼭 포함되게 조건 만든다.
	인라인뷰의 결과도 가상 view객체처럼 사용
	
	SELECT 문을 사용하여 bno, title, content, writer, regdate, updatedate 열을 선택한다.
	FROM 절에서 하위 쿼리를 사용합니다. 하위 쿼리는 테이블 carrot_car에서 데이터를 가져오는데, rownum이라는 가상의 열을 추가합니다. rownum은 각 행의 일련번호를 의미합니다.
	하위 쿼리에서는 WHERE 절을 사용하여 rownum이 #{pageNum} * #{amount}보다 작거나 같은 행만 선택합니다. 이를 통해 원하는 페이지의 데이터 개수를 조절할 수 있습니다.
	최종 결과는 WHERE 절의 조건을 만족하는 행만 선택합니다. WHERE 절의 조건은 (#{pageNum} - 1) * #{amount}보다 큰 rownum을 가진 행들입니다. 이를 통해 페이징 처리를 구현합니다.
	resultType="org.ezen.ex02.domain.BoardVO"는 결과를 매핑할 자바 객체의 타입을 지정합니다. 결과가 BoardVO 클래스의 인스턴스로 매핑될 것을 의미합니다.
	이렇게 작성된 SQL 쿼리는 페이지 번호(pageNum)와 한 페이지당 출력할 데이터 개수(amount)를 입력받아 해당하는 페이지의 데이터를 조회합니다. 페이징 처리를 위한 로직이 내장되어 있어 효과적인 데이터 조회가 가능합니다. 
-->
<select id="getListWithPaging" resultType="org.ezen.ex02.domain.CarVO">
	<![CDATA[
		select cno, title, content, writer, regdate, updatedate
		from
		(
			select /* +INDEX_DESC(carrot_car pk_carrot_car) */
			rownum cno, title, content, writer, regdate, updatedate
			from carrot_car
			where rownum <= #{pageNum} * #{amount}
		)
		where cno > (#{pageNum} -1) * #{amount}
	]]>
</select>

<!-- pk인 cno 값을 미리 알 필요가 없는 경우에 사용, insert(Create)만 수행한다. 
	PreaparedStatement를 사용, ? 바인딩 변수 대신 #{변수명}을 사용한다
	parameterType은 기본형, 문자열, 객체형일시에 생략이 가능하다.
-->
<insert id="insert">
insert into carrot_car(cno,writer,title,content,carName,carType,carYear,carPrice,carDate,fuel,disp,kilos,mission) 
values(car_seq.nextval, #{writer}, #{title}, #{content}, #{carName}, #{carType}, #{carYear}, #{carPrice}, #{carDate}, #{fuel}, #{disp}, #{kilos}, #{mission})
</insert>

<insert id="insertSelectKey">
	<selectKey keyProperty="cno" order="BEFORE" resultType="Long">
		select car_seq.nextval from dual
	</selectKey>
	
	insert into carrot_car(cno,writer,title,content,carName,carType,carYear,carPrice,carDate,fuel,disp,kilos,mission) 
	values(#{cno}, #{title}, #{writer}, #{content}, #{carName}, #{carType}, #{carYear}, #{carPrice}, #{carDate}, #{fuel}, #{disp}, #{kilos}, #{mission})
</insert>

<select id="read" resultType="org.ezen.ex02.domain.CarVO">
	select * from carrot_car where cno = #{cno}
</select>

<update id="update">
	update carrot_car
	set title = #{title},
		writer = #{writer},
		content = #{content},
		updateDate = sysdate,
		carName = #{carName},
		carType = #{carType},
		carYear = #{carYear},
		carPrice = #{carPrice},
		carDate = #{carDate},
		fuel = #{fuel},
		disp = #{disp},
 		kilos = #{kilos},
		mission = #{mission}
	where cno = #{cno}
</update>

<delete id="delete">
	delete carrot_car where cno = #{cno}
</delete>

<!-- getTotalCount : 검색처리 전 -->
<select id="getTotalCount" resultType="int">
	select count(*) from carrot_car where cno > 0
</select>

</mapper>